SET DEFINE OFF;

-- Reseed only data (keep schema objects)
DELETE FROM HIS_MENU_ROLE;
DELETE FROM HIS_USER_ROLE;
DELETE FROM HIS_MENU;
DELETE FROM HIS_ROLE;
DELETE FROM HIS_USER;

DECLARE
  v_exists NUMBER := 0;
BEGIN
  SELECT COUNT(*)
    INTO v_exists
    FROM USER_TAB_COLUMNS
   WHERE TABLE_NAME = 'HIS_MENU'
     AND COLUMN_NAME = 'MENU_NAME_EN';

  IF v_exists = 0 THEN
    EXECUTE IMMEDIATE 'ALTER TABLE HIS_MENU ADD (MENU_NAME_EN VARCHAR2(120))';
  END IF;
END;
/

DECLARE
  v_role_name_en_exists NUMBER := 0;
  v_role_desc_en_exists NUMBER := 0;
BEGIN
  SELECT COUNT(*)
    INTO v_role_name_en_exists
    FROM USER_TAB_COLUMNS
   WHERE TABLE_NAME = 'HIS_ROLE'
     AND COLUMN_NAME = 'ROLE_NAME_EN';

  IF v_role_name_en_exists = 0 THEN
    EXECUTE IMMEDIATE 'ALTER TABLE HIS_ROLE ADD (ROLE_NAME_EN VARCHAR2(100))';
  END IF;

  SELECT COUNT(*)
    INTO v_role_desc_en_exists
    FROM USER_TAB_COLUMNS
   WHERE TABLE_NAME = 'HIS_ROLE'
     AND COLUMN_NAME = 'ROLE_DESC_EN';

  IF v_role_desc_en_exists = 0 THEN
    EXECUTE IMMEDIATE 'ALTER TABLE HIS_ROLE ADD (ROLE_DESC_EN VARCHAR2(300))';
  END IF;
END;
/

-- USER
INSERT INTO HIS_USER (USER_ID, USER_CODE, USER_NAME, EMAIL, USE_YN) VALUES (1, 'U0001', 'ADMIN_MASTER', 'admin@hospital.local', 'Y');
INSERT INTO HIS_USER (USER_ID, USER_CODE, USER_NAME, EMAIL, USE_YN) VALUES (2, 'U0002', 'NURSE_KIM', 'nurse@hospital.local', 'Y');
INSERT INTO HIS_USER (USER_ID, USER_CODE, USER_NAME, EMAIL, USE_YN) VALUES (3, 'U0003', 'DOCTOR_PARK', 'doctor@hospital.local', 'Y');
INSERT INTO HIS_USER (USER_ID, USER_CODE, USER_NAME, EMAIL, USE_YN) VALUES (4, 'U0004', 'RECEPTION_LEE', 'reception@hospital.local', 'Y');

-- ROLE
INSERT INTO HIS_ROLE (ROLE_ID, ROLE_CODE, ROLE_NAME, ROLE_NAME_EN, ROLE_DESC, ROLE_DESC_EN, USE_YN) VALUES (1, 'ROLE_ADMIN', UNISTR('\C2DC\C2A4\D15C \AD00\B9AC\C790'), 'SYSTEM_ADMIN', UNISTR('\ACF5\D1B5 \C804\CCB4 \D654\BA74 \AD8C\D55C'), 'all common screens', 'Y');
INSERT INTO HIS_ROLE (ROLE_ID, ROLE_CODE, ROLE_NAME, ROLE_NAME_EN, ROLE_DESC, ROLE_DESC_EN, USE_YN) VALUES (2, 'ROLE_NURSE', UNISTR('\AC04\D638\C0AC'), 'NURSE', UNISTR('\AC04\D638 \AD00\B828 \D654\BA74 \AD8C\D55C'), 'nurse related screens', 'Y');
INSERT INTO HIS_ROLE (ROLE_ID, ROLE_CODE, ROLE_NAME, ROLE_NAME_EN, ROLE_DESC, ROLE_DESC_EN, USE_YN) VALUES (3, 'ROLE_DOCTOR', UNISTR('\C758\C0AC'), 'DOCTOR', UNISTR('\C758\C0AC \AD00\B828 \D654\BA74 \AD8C\D55C'), 'doctor related screens', 'Y');
INSERT INTO HIS_ROLE (ROLE_ID, ROLE_CODE, ROLE_NAME, ROLE_NAME_EN, ROLE_DESC, ROLE_DESC_EN, USE_YN) VALUES (4, 'ROLE_RECEPTION', UNISTR('\C811\C218'), 'RECEPTION', UNISTR('\C811\C218 \AD00\B828 \D654\BA74 \AD8C\D55C'), 'reception related screens', 'Y');

-- USER_ROLE
INSERT INTO HIS_USER_ROLE (USER_ROLE_ID, USER_ID, ROLE_ID, ASSIGNED_BY) VALUES (1, 1, 1, 'SYSTEM');
INSERT INTO HIS_USER_ROLE (USER_ROLE_ID, USER_ID, ROLE_ID, ASSIGNED_BY) VALUES (2, 2, 2, 'SYSTEM');
INSERT INTO HIS_USER_ROLE (USER_ROLE_ID, USER_ID, ROLE_ID, ASSIGNED_BY) VALUES (3, 3, 3, 'SYSTEM');
INSERT INTO HIS_USER_ROLE (USER_ROLE_ID, USER_ID, ROLE_ID, ASSIGNED_BY) VALUES (4, 4, 4, 'SYSTEM');

-- MENU (tree)
INSERT INTO HIS_MENU (MENU_ID, PARENT_MENU_ID, MENU_CODE, MENU_NAME, MENU_NAME_EN, MENU_PATH, MENU_ICON, SORT_ORDER, DEPTH_LEVEL, USE_YN) VALUES (1, NULL, 'DASHBOARD', UNISTR('\B300\C2DC\BCF4\B4DC'), 'Dashboard', '/dashboard', 'Home', 1, 0, 'Y');

INSERT INTO HIS_MENU (MENU_ID, PARENT_MENU_ID, MENU_CODE, MENU_NAME, MENU_NAME_EN, MENU_PATH, MENU_ICON, SORT_ORDER, DEPTH_LEVEL, USE_YN) VALUES (10, NULL, 'RECEPTION', UNISTR('\C811\C218'), 'Reception', NULL, 'FactCheck', 2, 0, 'Y');
INSERT INTO HIS_MENU (MENU_ID, PARENT_MENU_ID, MENU_CODE, MENU_NAME, MENU_NAME_EN, MENU_PATH, MENU_ICON, SORT_ORDER, DEPTH_LEVEL, USE_YN) VALUES (11, 10, 'RECEPTION_OUTPATIENT', UNISTR('\C678\B798 \C811\C218'), 'Outpatient Reception', '/reception/outpatient/list', NULL, 1, 1, 'Y');
INSERT INTO HIS_MENU (MENU_ID, PARENT_MENU_ID, MENU_CODE, MENU_NAME, MENU_NAME_EN, MENU_PATH, MENU_ICON, SORT_ORDER, DEPTH_LEVEL, USE_YN) VALUES (12, 10, 'RECEPTION_EMERGENCY', UNISTR('\C751\AE09 \C811\C218'), 'Emergency Reception', '/reception/emergency/list', NULL, 2, 1, 'Y');
INSERT INTO HIS_MENU (MENU_ID, PARENT_MENU_ID, MENU_CODE, MENU_NAME, MENU_NAME_EN, MENU_PATH, MENU_ICON, SORT_ORDER, DEPTH_LEVEL, USE_YN) VALUES (13, 10, 'RECEPTION_INPATIENT', UNISTR('\C785\C6D0 \C811\C218'), 'Inpatient Reception', '/reception/inpatient/list', NULL, 3, 1, 'Y');

INSERT INTO HIS_MENU (MENU_ID, PARENT_MENU_ID, MENU_CODE, MENU_NAME, MENU_NAME_EN, MENU_PATH, MENU_ICON, SORT_ORDER, DEPTH_LEVEL, USE_YN) VALUES (60, NULL, 'CLINICAL', UNISTR('\C9C4\B8CC'), 'Clinical', NULL, 'MedicalServices', 3, 0, 'Y');
INSERT INTO HIS_MENU (MENU_ID, PARENT_MENU_ID, MENU_CODE, MENU_NAME, MENU_NAME_EN, MENU_PATH, MENU_ICON, SORT_ORDER, DEPTH_LEVEL, USE_YN) VALUES (61, 60, 'CLINICAL_LIST', UNISTR('\C9C4\B8CC \BAA9\B85D'), 'Clinical Worklist', '/clinical/list', NULL, 1, 1, 'Y');
INSERT INTO HIS_MENU (MENU_ID, PARENT_MENU_ID, MENU_CODE, MENU_NAME, MENU_NAME_EN, MENU_PATH, MENU_ICON, SORT_ORDER, DEPTH_LEVEL, USE_YN) VALUES (62, 60, 'CLINICAL_CHART', UNISTR('\C9C4\B8CC \CC28\D2B8'), 'Clinical Chart', '/clinical/chart', NULL, 2, 1, 'Y');

INSERT INTO HIS_MENU (MENU_ID, PARENT_MENU_ID, MENU_CODE, MENU_NAME, MENU_NAME_EN, MENU_PATH, MENU_ICON, SORT_ORDER, DEPTH_LEVEL, USE_YN) VALUES (20, NULL, 'PATIENT', UNISTR('\D658\C790'), 'Patient', NULL, 'People', 4, 0, 'Y');
INSERT INTO HIS_MENU (MENU_ID, PARENT_MENU_ID, MENU_CODE, MENU_NAME, MENU_NAME_EN, MENU_PATH, MENU_ICON, SORT_ORDER, DEPTH_LEVEL, USE_YN) VALUES (21, 20, 'PATIENT_LIST', UNISTR('\D658\C790 \BAA9\B85D'), 'Patient List', '/patients', NULL, 1, 1, 'Y');
INSERT INTO HIS_MENU (MENU_ID, PARENT_MENU_ID, MENU_CODE, MENU_NAME, MENU_NAME_EN, MENU_PATH, MENU_ICON, SORT_ORDER, DEPTH_LEVEL, USE_YN) VALUES (22, 20, 'PATIENT_CONSENT', UNISTR('\D658\C790 \B3D9\C758\C11C'), 'Patient Consent', '/patients/consent', NULL, 2, 1, 'Y');

INSERT INTO HIS_MENU (MENU_ID, PARENT_MENU_ID, MENU_CODE, MENU_NAME, MENU_NAME_EN, MENU_PATH, MENU_ICON, SORT_ORDER, DEPTH_LEVEL, USE_YN) VALUES (70, NULL, 'MEDICAL_SUPPORT', UNISTR('\C9C4\B8CC\C9C0\C6D0'), 'Clinical Support', NULL, 'TaskAlt', 5, 0, 'Y');
INSERT INTO HIS_MENU (MENU_ID, PARENT_MENU_ID, MENU_CODE, MENU_NAME, MENU_NAME_EN, MENU_PATH, MENU_ICON, SORT_ORDER, DEPTH_LEVEL, USE_YN) VALUES (71, 70, 'MEDICAL_SUPPORT_RECORD', UNISTR('\AC04\D638\AE30\B85D'), 'Nursing Record', '/medical_support/record/list', NULL, 1, 1, 'Y');
INSERT INTO HIS_MENU (MENU_ID, PARENT_MENU_ID, MENU_CODE, MENU_NAME, MENU_NAME_EN, MENU_PATH, MENU_ICON, SORT_ORDER, DEPTH_LEVEL, USE_YN) VALUES (72, 70, 'MEDICAL_SUPPORT_IMAGING', UNISTR('\C601\C0C1\AC80\C0AC'), 'Imaging', '/medical_support/imaging/list', NULL, 2, 1, 'Y');
INSERT INTO HIS_MENU (MENU_ID, PARENT_MENU_ID, MENU_CODE, MENU_NAME, MENU_NAME_EN, MENU_PATH, MENU_ICON, SORT_ORDER, DEPTH_LEVEL, USE_YN) VALUES (73, 70, 'MEDICAL_SUPPORT_SPECIMEN', UNISTR('\AC80\CCB4\AC80\C0AC'), 'Specimen Lab', '/medical_support/specimen/list', NULL, 3, 1, 'Y');
INSERT INTO HIS_MENU (MENU_ID, PARENT_MENU_ID, MENU_CODE, MENU_NAME, MENU_NAME_EN, MENU_PATH, MENU_ICON, SORT_ORDER, DEPTH_LEVEL, USE_YN) VALUES (74, 70, 'MEDICAL_SUPPORT_PATHOLOGY', UNISTR('\BCD1\B9AC\AC80\C0AC'), 'Pathology', '/medical_support/pathology/list', NULL, 4, 1, 'Y');
INSERT INTO HIS_MENU (MENU_ID, PARENT_MENU_ID, MENU_CODE, MENU_NAME, MENU_NAME_EN, MENU_PATH, MENU_ICON, SORT_ORDER, DEPTH_LEVEL, USE_YN) VALUES (75, 70, 'MEDICAL_SUPPORT_ENDOSCOPY', UNISTR('\B0B4\C2DC\ACBD'), 'Endoscopy', '/medical_support/endoscopy/list', NULL, 5, 1, 'Y');
INSERT INTO HIS_MENU (MENU_ID, PARENT_MENU_ID, MENU_CODE, MENU_NAME, MENU_NAME_EN, MENU_PATH, MENU_ICON, SORT_ORDER, DEPTH_LEVEL, USE_YN) VALUES (76, 70, 'MEDICAL_SUPPORT_PHYSIO', UNISTR('\C0DD\B9AC\AE30\B2A5\AC80\C0AC'), 'Physiological Tests', '/medical_support/physiological/list', NULL, 6, 1, 'Y');
INSERT INTO HIS_MENU (MENU_ID, PARENT_MENU_ID, MENU_CODE, MENU_NAME, MENU_NAME_EN, MENU_PATH, MENU_ICON, SORT_ORDER, DEPTH_LEVEL, USE_YN) VALUES (77, 70, 'MEDICAL_SUPPORT_TEST', UNISTR('\AC80\C0AC\C2E4\D589'), 'Test Execution', '/medical_support/testExecution/list', NULL, 7, 1, 'Y');

INSERT INTO HIS_MENU (MENU_ID, PARENT_MENU_ID, MENU_CODE, MENU_NAME, MENU_NAME_EN, MENU_PATH, MENU_ICON, SORT_ORDER, DEPTH_LEVEL, USE_YN) VALUES (30, NULL, 'STAFF', UNISTR('\C9C1\C6D0'), 'Staff', NULL, 'PersonAdd', 6, 0, 'Y');
INSERT INTO HIS_MENU (MENU_ID, PARENT_MENU_ID, MENU_CODE, MENU_NAME, MENU_NAME_EN, MENU_PATH, MENU_ICON, SORT_ORDER, DEPTH_LEVEL, USE_YN) VALUES (31, 30, 'STAFF_LIST', UNISTR('\C9C1\C6D0 \BAA9\B85D'), 'Staff List', '/staff', NULL, 1, 1, 'Y');
INSERT INTO HIS_MENU (MENU_ID, PARENT_MENU_ID, MENU_CODE, MENU_NAME, MENU_NAME_EN, MENU_PATH, MENU_ICON, SORT_ORDER, DEPTH_LEVEL, USE_YN) VALUES (32, 30, 'STAFF_DEPARTMENT', UNISTR('\BD80\C11C \AD00\B9AC'), 'Department', '/staff/departments', NULL, 2, 1, 'Y');

INSERT INTO HIS_MENU (MENU_ID, PARENT_MENU_ID, MENU_CODE, MENU_NAME, MENU_NAME_EN, MENU_PATH, MENU_ICON, SORT_ORDER, DEPTH_LEVEL, USE_YN) VALUES (40, NULL, 'BILLING', UNISTR('\C218\B0A9'), 'Billing', NULL, 'Description', 7, 0, 'Y');
INSERT INTO HIS_MENU (MENU_ID, PARENT_MENU_ID, MENU_CODE, MENU_NAME, MENU_NAME_EN, MENU_PATH, MENU_ICON, SORT_ORDER, DEPTH_LEVEL, USE_YN) VALUES (41, 40, 'BILLING_LIST', UNISTR('\C218\B0A9 \BAA9\B85D'), 'Billing List', '/billing/list', NULL, 1, 1, 'Y');

INSERT INTO HIS_MENU (MENU_ID, PARENT_MENU_ID, MENU_CODE, MENU_NAME, MENU_NAME_EN, MENU_PATH, MENU_ICON, SORT_ORDER, DEPTH_LEVEL, USE_YN) VALUES (50, NULL, 'ADMIN', UNISTR('\AD00\B9AC\C790'), 'Admin', NULL, 'Policy', 8, 0, 'Y');
INSERT INTO HIS_MENU (MENU_ID, PARENT_MENU_ID, MENU_CODE, MENU_NAME, MENU_NAME_EN, MENU_PATH, MENU_ICON, SORT_ORDER, DEPTH_LEVEL, USE_YN) VALUES (51, 50, 'ADMIN_MENU_MANAGE', UNISTR('\BA54\B274 \AD00\B9AC'), 'Menu Manage', '/admin/permissions/menu', NULL, 1, 1, 'Y');
INSERT INTO HIS_MENU (MENU_ID, PARENT_MENU_ID, MENU_CODE, MENU_NAME, MENU_NAME_EN, MENU_PATH, MENU_ICON, SORT_ORDER, DEPTH_LEVEL, USE_YN) VALUES (52, 50, 'ADMIN_ROLE_MENU', UNISTR('\AD8C\D55C \AD00\B9AC'), 'Role Menu Manage', '/admin/permissions/role-menu', NULL, 2, 1, 'Y');

-- MENU_ROLE
-- Admin: full access to all menus
INSERT INTO HIS_MENU_ROLE (MENU_ROLE_ID, MENU_ID, ROLE_ID, PERMIT_READ_YN, PERMIT_WRITE_YN, PERMIT_DELETE_YN)
SELECT
    500 + ROW_NUMBER() OVER (ORDER BY MENU_ID),
    MENU_ID,
    1,
    'Y',
    'Y',
    'Y'
FROM HIS_MENU;

-- Nurse
INSERT INTO HIS_MENU_ROLE (MENU_ROLE_ID, MENU_ID, ROLE_ID, PERMIT_READ_YN, PERMIT_WRITE_YN, PERMIT_DELETE_YN) VALUES (1001, 1, 2, 'Y', 'N', 'N');
INSERT INTO HIS_MENU_ROLE (MENU_ROLE_ID, MENU_ID, ROLE_ID, PERMIT_READ_YN, PERMIT_WRITE_YN, PERMIT_DELETE_YN) VALUES (1002, 10, 2, 'Y', 'N', 'N');
INSERT INTO HIS_MENU_ROLE (MENU_ROLE_ID, MENU_ID, ROLE_ID, PERMIT_READ_YN, PERMIT_WRITE_YN, PERMIT_DELETE_YN) VALUES (1003, 11, 2, 'Y', 'Y', 'N');
INSERT INTO HIS_MENU_ROLE (MENU_ROLE_ID, MENU_ID, ROLE_ID, PERMIT_READ_YN, PERMIT_WRITE_YN, PERMIT_DELETE_YN) VALUES (1004, 12, 2, 'Y', 'N', 'N');
INSERT INTO HIS_MENU_ROLE (MENU_ROLE_ID, MENU_ID, ROLE_ID, PERMIT_READ_YN, PERMIT_WRITE_YN, PERMIT_DELETE_YN) VALUES (1005, 20, 2, 'Y', 'N', 'N');
INSERT INTO HIS_MENU_ROLE (MENU_ROLE_ID, MENU_ID, ROLE_ID, PERMIT_READ_YN, PERMIT_WRITE_YN, PERMIT_DELETE_YN) VALUES (1006, 21, 2, 'Y', 'Y', 'N');
INSERT INTO HIS_MENU_ROLE (MENU_ROLE_ID, MENU_ID, ROLE_ID, PERMIT_READ_YN, PERMIT_WRITE_YN, PERMIT_DELETE_YN) VALUES (1010, 70, 2, 'Y', 'N', 'N');
INSERT INTO HIS_MENU_ROLE (MENU_ROLE_ID, MENU_ID, ROLE_ID, PERMIT_READ_YN, PERMIT_WRITE_YN, PERMIT_DELETE_YN) VALUES (1011, 71, 2, 'Y', 'Y', 'N');
INSERT INTO HIS_MENU_ROLE (MENU_ROLE_ID, MENU_ID, ROLE_ID, PERMIT_READ_YN, PERMIT_WRITE_YN, PERMIT_DELETE_YN) VALUES (1012, 72, 2, 'Y', 'Y', 'N');
INSERT INTO HIS_MENU_ROLE (MENU_ROLE_ID, MENU_ID, ROLE_ID, PERMIT_READ_YN, PERMIT_WRITE_YN, PERMIT_DELETE_YN) VALUES (1013, 73, 2, 'Y', 'Y', 'N');
INSERT INTO HIS_MENU_ROLE (MENU_ROLE_ID, MENU_ID, ROLE_ID, PERMIT_READ_YN, PERMIT_WRITE_YN, PERMIT_DELETE_YN) VALUES (1014, 74, 2, 'Y', 'N', 'N');
INSERT INTO HIS_MENU_ROLE (MENU_ROLE_ID, MENU_ID, ROLE_ID, PERMIT_READ_YN, PERMIT_WRITE_YN, PERMIT_DELETE_YN) VALUES (1015, 75, 2, 'Y', 'N', 'N');
INSERT INTO HIS_MENU_ROLE (MENU_ROLE_ID, MENU_ID, ROLE_ID, PERMIT_READ_YN, PERMIT_WRITE_YN, PERMIT_DELETE_YN) VALUES (1016, 76, 2, 'Y', 'N', 'N');
INSERT INTO HIS_MENU_ROLE (MENU_ROLE_ID, MENU_ID, ROLE_ID, PERMIT_READ_YN, PERMIT_WRITE_YN, PERMIT_DELETE_YN) VALUES (1017, 77, 2, 'Y', 'Y', 'N');
INSERT INTO HIS_MENU_ROLE (MENU_ROLE_ID, MENU_ID, ROLE_ID, PERMIT_READ_YN, PERMIT_WRITE_YN, PERMIT_DELETE_YN) VALUES (1018, 61, 2, 'Y', 'N', 'N');

-- Doctor
INSERT INTO HIS_MENU_ROLE (MENU_ROLE_ID, MENU_ID, ROLE_ID, PERMIT_READ_YN, PERMIT_WRITE_YN, PERMIT_DELETE_YN) VALUES (1101, 1, 3, 'Y', 'N', 'N');
INSERT INTO HIS_MENU_ROLE (MENU_ROLE_ID, MENU_ID, ROLE_ID, PERMIT_READ_YN, PERMIT_WRITE_YN, PERMIT_DELETE_YN) VALUES (1102, 20, 3, 'Y', 'N', 'N');
INSERT INTO HIS_MENU_ROLE (MENU_ROLE_ID, MENU_ID, ROLE_ID, PERMIT_READ_YN, PERMIT_WRITE_YN, PERMIT_DELETE_YN) VALUES (1103, 21, 3, 'Y', 'Y', 'N');
INSERT INTO HIS_MENU_ROLE (MENU_ROLE_ID, MENU_ID, ROLE_ID, PERMIT_READ_YN, PERMIT_WRITE_YN, PERMIT_DELETE_YN) VALUES (1104, 22, 3, 'Y', 'Y', 'N');
INSERT INTO HIS_MENU_ROLE (MENU_ROLE_ID, MENU_ID, ROLE_ID, PERMIT_READ_YN, PERMIT_WRITE_YN, PERMIT_DELETE_YN) VALUES (1105, 60, 3, 'Y', 'N', 'N');
INSERT INTO HIS_MENU_ROLE (MENU_ROLE_ID, MENU_ID, ROLE_ID, PERMIT_READ_YN, PERMIT_WRITE_YN, PERMIT_DELETE_YN) VALUES (1106, 61, 3, 'Y', 'Y', 'N');
INSERT INTO HIS_MENU_ROLE (MENU_ROLE_ID, MENU_ID, ROLE_ID, PERMIT_READ_YN, PERMIT_WRITE_YN, PERMIT_DELETE_YN) VALUES (1107, 62, 3, 'Y', 'Y', 'N');
INSERT INTO HIS_MENU_ROLE (MENU_ROLE_ID, MENU_ID, ROLE_ID, PERMIT_READ_YN, PERMIT_WRITE_YN, PERMIT_DELETE_YN) VALUES (1108, 70, 3, 'Y', 'N', 'N');
INSERT INTO HIS_MENU_ROLE (MENU_ROLE_ID, MENU_ID, ROLE_ID, PERMIT_READ_YN, PERMIT_WRITE_YN, PERMIT_DELETE_YN) VALUES (1109, 71, 3, 'Y', 'N', 'N');

-- Reception
INSERT INTO HIS_MENU_ROLE (MENU_ROLE_ID, MENU_ID, ROLE_ID, PERMIT_READ_YN, PERMIT_WRITE_YN, PERMIT_DELETE_YN) VALUES (1201, 1, 4, 'Y', 'N', 'N');
INSERT INTO HIS_MENU_ROLE (MENU_ROLE_ID, MENU_ID, ROLE_ID, PERMIT_READ_YN, PERMIT_WRITE_YN, PERMIT_DELETE_YN) VALUES (1202, 10, 4, 'Y', 'N', 'N');
INSERT INTO HIS_MENU_ROLE (MENU_ROLE_ID, MENU_ID, ROLE_ID, PERMIT_READ_YN, PERMIT_WRITE_YN, PERMIT_DELETE_YN) VALUES (1203, 11, 4, 'Y', 'Y', 'N');
INSERT INTO HIS_MENU_ROLE (MENU_ROLE_ID, MENU_ID, ROLE_ID, PERMIT_READ_YN, PERMIT_WRITE_YN, PERMIT_DELETE_YN) VALUES (1204, 12, 4, 'Y', 'Y', 'N');
INSERT INTO HIS_MENU_ROLE (MENU_ROLE_ID, MENU_ID, ROLE_ID, PERMIT_READ_YN, PERMIT_WRITE_YN, PERMIT_DELETE_YN) VALUES (1205, 13, 4, 'Y', 'Y', 'N');

COMMIT;
EXIT;
